{
  "aep_lifeform": {
    "totalNFTs": 2222,
    "uniqueHolders": 264,
    "averageHoldings": 8.416666666666666,
    "giniCoefficient": 0.685128740146742
  },
  "alldomains": {
    "totalNFTs": 8117,
    "uniqueHolders": 4617,
    "averageHoldings": 1.7580680095299979,
    "giniCoefficient": 0.40378347969159833
  },
  "banx": {
    "totalNFTs": 8200,
    "uniqueHolders": 1039,
    "averageHoldings": 7.892204042348412,
    "giniCoefficient": 0.7295807413319562
  },
  "bbl_elite_ticket": {
    "totalNFTs": 105,
    "uniqueHolders": 104,
    "averageHoldings": 1.0096153846153846,
    "giniCoefficient": 0.009432234432234432
  },
  "bbl_premium_ticket": {
    "totalNFTs": 360,
    "uniqueHolders": 353,
    "averageHoldings": 1.019830028328612,
    "giniCoefficient": 0.01932640856153604
  },
  "bbl_royale_ticket": {
    "totalNFTs": 95,
    "uniqueHolders": 94,
    "averageHoldings": 1.0106382978723405,
    "giniCoefficient": 0.010414333706606943
  },
  "boogles_gen1": {
    "totalNFTs": 198,
    "uniqueHolders": 184,
    "averageHoldings": 1.076086956521739,
    "giniCoefficient": 0.06867588932806325
  },
  "boom_heroes": {
    "totalNFTs": 766,
    "uniqueHolders": 205,
    "averageHoldings": 3.7365853658536587,
    "giniCoefficient": 0.63226135133414
  },
  "bozo_collective": {
    "totalNFTs": 4562,
    "uniqueHolders": 1315,
    "averageHoldings": 3.4692015209125477,
    "giniCoefficient": 0.6426678979768395
  },
  "brewed_bones": {
    "totalNFTs": 4068,
    "uniqueHolders": 205,
    "averageHoldings": 19.84390243902439,
    "giniCoefficient": 0.811370122550783
  },
  "bullyz_crew": {
    "totalNFTs": 2525,
    "uniqueHolders": 376,
    "averageHoldings": 6.715425531914893,
    "giniCoefficient": 0.7112228776069096
  },
  "bullyz_loot_box": {
    "totalNFTs": 19268,
    "uniqueHolders": 850,
    "averageHoldings": 22.668235294117647,
    "giniCoefficient": 0.8556502094298379
  },
  "bullyz_shipz": {
    "totalNFTs": 3213,
    "uniqueHolders": 700,
    "averageHoldings": 4.59,
    "giniCoefficient": 0.6696256280289894
  },
  "bvdcats": {
    "totalNFTs": 9994,
    "uniqueHolders": 1825,
    "averageHoldings": 5.476164383561644,
    "giniCoefficient": 0.7243810395826537
  },
  "caveworld": {
    "totalNFTs": 8884,
    "uniqueHolders": 2309,
    "averageHoldings": 3.847553053269814,
    "giniCoefficient": 0.6492640137870546
  },
  "cets": {
    "totalNFTs": 6974,
    "uniqueHolders": 2993,
    "averageHoldings": 2.3301035750083527,
    "giniCoefficient": 0.516839837835937
  },
  "chads": {
    "totalNFTs": 5555,
    "uniqueHolders": 1086,
    "averageHoldings": 5.115101289134438,
    "giniCoefficient": 0.7338410636643775
  },
  "critters_cult": {
    "totalNFTs": 5553,
    "uniqueHolders": 1544,
    "averageHoldings": 3.596502590673575,
    "giniCoefficient": 0.6442292081300404
  },
  "datbois": {
    "totalNFTs": 2424,
    "uniqueHolders": 407,
    "averageHoldings": 5.955773955773956,
    "giniCoefficient": 0.7268166005789768
  },
  "dawnbreakers": {
    "totalNFTs": 12,
    "uniqueHolders": 12,
    "averageHoldings": 1,
    "giniCoefficient": 0
  },
  "deanslist": {
    "totalNFTs": 100,
    "uniqueHolders": 26,
    "averageHoldings": 3.8461538461538463,
    "giniCoefficient": 0.6992307692307692
  },
  "degen_dads": {
    "totalNFTs": 61,
    "uniqueHolders": 61,
    "averageHoldings": 1,
    "giniCoefficient": 0
  },
  "degen_islands": {
    "totalNFTs": 17526,
    "uniqueHolders": 2264,
    "averageHoldings": 7.741166077738516,
    "giniCoefficient": 0.8409008886947973
  },
  "degen_royale": {
    "totalNFTs": 994,
    "uniqueHolders": 242,
    "averageHoldings": 4.107438016528926,
    "giniCoefficient": 0.7195071253970101
  },
  "degen_royale_1": {
    "totalNFTs": 331,
    "uniqueHolders": 229,
    "averageHoldings": 1.445414847161572,
    "giniCoefficient": 0.28886924629612526
  },
  "degen_royale_2": {
    "totalNFTs": 68,
    "uniqueHolders": 58,
    "averageHoldings": 1.1724137931034482,
    "giniCoefficient": 0.14148073022312374
  },
  "degenerate_trading_bears": {
    "totalNFTs": 4264,
    "uniqueHolders": 302,
    "averageHoldings": 14.119205298013245,
    "giniCoefficient": 0.8204760632680194
  },
  "dev_card": {
    "totalNFTs": 325,
    "uniqueHolders": 325,
    "averageHoldings": 1,
    "giniCoefficient": 0
  },
  "doges_unleashed": {
    "totalNFTs": 2829,
    "uniqueHolders": 670,
    "averageHoldings": 4.222388059701492,
    "giniCoefficient": 0.6956643083627462
  },
  "exiled_lomu": {
    "totalNFTs": null,
    "uniqueHolders": 554,
    "averageHoldings": null,
    "giniCoefficient": null
  },
  "famous_fox_federation": {
    "totalNFTs": 7776,
    "uniqueHolders": 2992,
    "averageHoldings": 2.5989304812834226,
    "giniCoefficient": 0.5542055048029313
  },
  "gizmos_land": {
    "totalNFTs": 2000,
    "uniqueHolders": 525,
    "averageHoldings": 3.8095238095238093,
    "giniCoefficient": 0.5888514285714286
  },
  "gnomiez_gen1": {
    "totalNFTs": 2023,
    "uniqueHolders": 466,
    "averageHoldings": 4.3412017167381975,
    "giniCoefficient": 0.6683430251676535
  },
  "gnomiez_gen2": {
    "totalNFTs": 588,
    "uniqueHolders": 122,
    "averageHoldings": 4.819672131147541,
    "giniCoefficient": 0.6598081855693096
  },
  "grim_syndicate": {
    "totalNFTs": 9998,
    "uniqueHolders": 2497,
    "averageHoldings": 4.00400480576692,
    "giniCoefficient": 0.6282840068213883
  },
  "grim_syndicate_lurkers_of_the_abyss": {
    "totalNFTs": 2916,
    "uniqueHolders": 945,
    "averageHoldings": 3.085714285714286,
    "giniCoefficient": 0.5722915351173239
  },
  "grinders_nfts": {
    "totalNFTs": 5351,
    "uniqueHolders": 316,
    "averageHoldings": 16.93354430379747,
    "giniCoefficient": 0.7821742771373622
  },
  "kongzdao": {
    "totalNFTs": 2163,
    "uniqueHolders": 490,
    "averageHoldings": 4.414285714285715,
    "giniCoefficient": 0.6461537735760046
  },
  "lifinity_flares": {
    "totalNFTs": 9500,
    "uniqueHolders": 1337,
    "averageHoldings": 7.105459985041137,
    "giniCoefficient": 0.8068974530567256
  },
  "mad_lads": {
    "totalNFTs": 9967,
    "uniqueHolders": 5395,
    "averageHoldings": 1.847451343836886,
    "giniCoefficient": 0.43278864739274453
  },
  "mixtape": {
    "totalNFTs": 94,
    "uniqueHolders": 36,
    "averageHoldings": 2.611111111111111,
    "giniCoefficient": 0.5118203309692672
  },
  "moneyboys": {
    "totalNFTs": 1111,
    "uniqueHolders": 645,
    "averageHoldings": 1.7224806201550387,
    "giniCoefficient": 0.37514635184448675
  },
  "netrunner": {
    "totalNFTs": 4611,
    "uniqueHolders": 2203,
    "averageHoldings": 2.0930549251021335,
    "giniCoefficient": 0.481672583658667
  },
  "ocean_explorers": {
    "totalNFTs": 1618,
    "uniqueHolders": 254,
    "averageHoldings": 6.3700787401574805,
    "giniCoefficient": 0.7130218117049336
  },
  "okay_bears": {
    "totalNFTs": 9858,
    "uniqueHolders": 4185,
    "averageHoldings": 2.3555555555555556,
    "giniCoefficient": 0.5157516301371955
  },
  "ordo_nemesis": {
    "totalNFTs": 250,
    "uniqueHolders": 233,
    "averageHoldings": 1.0729613733905579,
    "giniCoefficient": 0.06664377682403433
  },
  "ordo_nemesis_knights": {
    "totalNFTs": 23,
    "uniqueHolders": 23,
    "averageHoldings": 1,
    "giniCoefficient": 0
  },
  "ordo_nemesis_shields": {
    "totalNFTs": 250,
    "uniqueHolders": 231,
    "averageHoldings": 1.0822510822510822,
    "giniCoefficient": 0.07459740259740259
  },
  "papu": {
    "totalNFTs": 2982,
    "uniqueHolders": 735,
    "averageHoldings": 4.057142857142857,
    "giniCoefficient": 0.6837058632977
  },
  "pesky_penguins": {
    "totalNFTs": 8397,
    "uniqueHolders": 3335,
    "averageHoldings": 2.5178410794602697,
    "giniCoefficient": 0.5452779148117974
  },
  "photo_finish": {
    "totalNFTs": 13174,
    "uniqueHolders": 1014,
    "averageHoldings": 12.992110453648916,
    "giniCoefficient": 0.7387950206146887
  },
  "photo_finish_pfp_collection": {
    "totalNFTs": 15008,