{
  "aep_lifeform": {
    "totalNFTs": 2222,
    "uniqueHolders": 266,
    "averageHoldings": 8.353383458646617,
    "giniCoefficient": 0.6963109844819069
  },
  "alldomains": {
    "totalNFTs": 8117,
    "uniqueHolders": 4617,
    "averageHoldings": 1.7580680095299979,
    "giniCoefficient": 0.40378347969159833
  },
  "almighty_alpacas": {
    "totalNFTs": 3300,
    "uniqueHolders": 428,
    "averageHoldings": 7.710280373831775,
    "giniCoefficient": 0.6766879071084678
  },
  "banx": {
    "totalNFTs": 8200,
    "uniqueHolders": 1074,
    "averageHoldings": 7.635009310986964,
    "giniCoefficient": 0.7388885860925648
  },
  "bbl_elite_ticket": {
    "totalNFTs": 105,
    "uniqueHolders": 104,
    "averageHoldings": 1.0096153846153846,
    "giniCoefficient": 0.009432234432234432
  },
  "bbl_premium_ticket": {
    "totalNFTs": 359,
    "uniqueHolders": 352,
    "averageHoldings": 1.0198863636363635,
    "giniCoefficient": 0.01937990630539377
  },
  "bbl_royale_ticket": {
    "totalNFTs": 95,
    "uniqueHolders": 94,
    "averageHoldings": 1.0106382978723405,
    "giniCoefficient": 0.010414333706606943
  },
  "boogles_gen1": {
    "totalNFTs": 198,
    "uniqueHolders": 184,
    "averageHoldings": 1.076086956521739,
    "giniCoefficient": 0.06867588932806325
  },
  "boom_heroes": {
    "totalNFTs": 765,
    "uniqueHolders": 205,
    "averageHoldings": 3.731707317073171,
    "giniCoefficient": 0.6330495775545991
  },
  "bozo_collective": {
    "totalNFTs": 3993,
    "uniqueHolders": 1195,
    "averageHoldings": 3.3414225941422595,
    "giniCoefficient": 0.6238825895107233
  },
  "brewed_bones": {
    "totalNFTs": 4987,
    "uniqueHolders": 231,
    "averageHoldings": 21.58874458874459,
    "giniCoefficient": 0.8088875231445916
  },
  "bullyz_crew": {
    "totalNFTs": 2525,
    "uniqueHolders": 370,
    "averageHoldings": 6.824324324324325,
    "giniCoefficient": 0.7036307198287396
  },
  "bullyz_loot_box": {
    "totalNFTs": 32716,
    "uniqueHolders": 974,
    "averageHoldings": 33.58932238193019,
    "giniCoefficient": 0.8833958504940659
  },
  "bullyz_shipz": {
    "totalNFTs": 3210,
    "uniqueHolders": 676,
    "averageHoldings": 4.7485207100591715,
    "giniCoefficient": 0.6734078047521613
  },
  "bvdcats": {
    "totalNFTs": 9994,
    "uniqueHolders": 1804,
    "averageHoldings": 5.539911308203991,
    "giniCoefficient": 0.728778175996507
  },
  "caveworld": {
    "totalNFTs": 8884,
    "uniqueHolders": 2334,
    "averageHoldings": 3.8063410454155955,
    "giniCoefficient": 0.6491509919144476
  },
  "cets": {
    "totalNFTs": 6974,
    "uniqueHolders": 2859,
    "averageHoldings": 2.4393144456103535,
    "giniCoefficient": 0.535568427697219
  },
  "chads": {
    "totalNFTs": 5566,
    "uniqueHolders": 1196,
    "averageHoldings": 4.653846153846154,
    "giniCoefficient": 0.7183322777926662
  },
  "critters_cult": {
    "totalNFTs": 5553,
    "uniqueHolders": 1517,
    "averageHoldings": 3.6605141727092945,
    "giniCoefficient": 0.6475327760855689
  },
  "datbois": {
    "totalNFTs": 2424,
    "uniqueHolders": 401,
    "averageHoldings": 6.0448877805486285,
    "giniCoefficient": 0.7332041184168292
  },
  "dawnbreakers": {
    "totalNFTs": 12,
    "uniqueHolders": 12,
    "averageHoldings": 1,
    "giniCoefficient": 0
  },
  "deanslist": {
    "totalNFTs": 100,
    "uniqueHolders": 44,
    "averageHoldings": 2.272727272727273,
    "giniCoefficient": 0.5209090909090909
  },
  "degen_dads": {
    "totalNFTs": 66,
    "uniqueHolders": 66,
    "averageHoldings": 1,
    "giniCoefficient": 0
  },
  "degen_islands": {
    "totalNFTs": 17509,
    "uniqueHolders": 2237,
    "averageHoldings": 7.8270004470272685,
    "giniCoefficient": 0.8419111259544328
  },
  "degen_royale": {
    "totalNFTs": 993,
    "uniqueHolders": 237,
    "averageHoldings": 4.189873417721519,
    "giniCoefficient": 0.7220076399777344
  },
  "degen_royale_1": {
    "totalNFTs": 331,
    "uniqueHolders": 226,
    "averageHoldings": 1.4646017699115044,
    "giniCoefficient": 0.29747613827767827
  },
  "degen_royale_2": {
    "totalNFTs": 68,
    "uniqueHolders": 57,
    "averageHoldings": 1.1929824561403508,
    "giniCoefficient": 0.15531475748194015
  },
  "degenerate_trading_bears": {
    "totalNFTs": 4264,
    "uniqueHolders": 304,
    "averageHoldings": 14.026315789473685,
    "giniCoefficient": 0.8218608052730325
  },
  "dev_card": {
    "totalNFTs": 330,
    "uniqueHolders": 330,
    "averageHoldings": 1,
    "giniCoefficient": 0
  },
  "doges_unleashed": {
    "totalNFTs": 2813,
    "uniqueHolders": 664,
    "averageHoldings": 4.23644578313253,
    "giniCoefficient": 0.6940190552469387
  },
  "exiled_lomu": {
    "totalNFTs": null,
    "uniqueHolders": 554,
    "averageHoldings": null,
    "giniCoefficient": null
  },
  "famous_fox_federation": {
    "totalNFTs": 7776,
    "uniqueHolders": 2992,
    "averageHoldings": 2.5989304812834226,
    "giniCoefficient": 0.5542055048029313
  },
  "gizmos_land": {
    "totalNFTs": 2000,
    "uniqueHolders": 500,
    "averageHoldings": 4,
    "giniCoefficient": 0.600464
  },
  "gnomiez_gen1": {
    "totalNFTs": 2020,
    "uniqueHolders": 463,
    "averageHoldings": 4.362850971922247,
    "giniCoefficient": 0.6711524068173556
  },
  "gnomiez_gen2": {
    "totalNFTs": 588,
    "uniqueHolders": 125,
    "averageHoldings": 4.704,
    "giniCoefficient": 0.6557823129251701
  },
  "grim_syndicate": {
    "totalNFTs": 9998,
    "uniqueHolders": 2482,
    "averageHoldings": 4.028203062046736,
    "giniCoefficient": 0.630336945713075
  },
  "grim_syndicate_lurkers_of_the_abyss": {
    "totalNFTs": 2916,
    "uniqueHolders": 935,
    "averageHoldings": 3.118716577540107,
    "giniCoefficient": 0.5768256273702896
  },
  "grinders_nfts": {
    "totalNFTs": 5205,
    "uniqueHolders": 351,
    "averageHoldings": 14.82905982905983,
    "giniCoefficient": 0.7947661546124563
  },
  "kongzdao": {
    "totalNFTs": 2154,
    "uniqueHolders": 484,
    "averageHoldings": 4.450413223140496,
    "giniCoefficient": 0.6555975045466056
  },
  "legends_of_sol": {
    "totalNFTs": 531,
    "uniqueHolders": 262,
    "averageHoldings": 2.0267175572519083,
    "giniCoefficient": 0.4267980621325168
  },
  "lifinity_flares": {
    "totalNFTs": 9473,
    "uniqueHolders": 1284,
    "averageHoldings": 7.377725856697819,
    "giniCoefficient": 0.8135281516610744
  },
  "mad_lads": {
    "totalNFTs": 9967,
    "uniqueHolders": 5395,
    "averageHoldings": 1.847451343836886,
    "giniCoefficient": 0.43278864739274453
  },
  "mixtape": {
    "totalNFTs": 94,
    "uniqueHolders": 36,
    "averageHoldings": 2.611111111111111,
    "giniCoefficient": 0.514775413711584
  },
  "moneyboys": {
    "totalNFTs": 871,
    "uniqueHolders": 544,
    "averageHoldings": 1.6011029411764706,
    "giniCoefficient": 0.3426863139055852
  },
  "netrunner": {
    "totalNFTs": 4597,
    "uniqueHolders": 2172,
    "averageHoldings": 2.1164825046040514,
    "giniCoefficient": 0.4871784625332159
  },
  "ocean_explorers": {
    "totalNFTs": 1618,
    "uniqueHolders": 256,
    "averageHoldings": 6.3203125,
    "giniCoefficient": 0.7147906365883807
  },
  "okay_bears": {
    "totalNFTs": 9858,
    "uniqueHolders": 4185,
    "averageHoldings": 2.3555555555555556,
    "giniCoefficient": 0.5157516301371955
  },
  "ordo_nemesis": {
    "totalNFTs": 250,
    "uniqueHolders": 225,
    "averageHoldings": 1.1111111111111112,
    "giniCoefficient": 0.09806222222222222
  },
  "ordo_nemesis_knights": {
    "totalNFTs": 23,
    "uniqueHolders": 23,
    "averageHoldings": 1,
    "giniCoefficient": 0
  },
  "ordo_nemesis_shields": {
    "totalNFTs": 250,
    "uniqueHolders": 225,
    "averageHoldings": 1.1111111111111112,
    "giniCoefficient": 0.09806222222222222
  },
  "papu": {
    "totalNFTs": 2981,
    "uniqueHolders": 727,
    "averageHoldings": 4.100412654745529,
    "giniCoefficient": 0.6906916662013938
  },
  "pesky_penguins": {
    "totalNFTs": 8397,
    "uniqueHolders": 3278,