{
  "aep_lifeform": {
    "totalNFTs": 2222,
    "uniqueHolders": 260,
    "averageHoldings": 8.546153846153846,
    "giniCoefficient": 0.6865990445198366
  },
  "alldomains": {
    "totalNFTs": 8117,
    "uniqueHolders": 4617,
    "averageHoldings": 1.7580680095299979,
    "giniCoefficient": 0.40378347969159833
  },
  "almighty_alpacas": {
    "totalNFTs": 3291,
    "uniqueHolders": 430,
    "averageHoldings": 7.653488372093023,
    "giniCoefficient": 0.6756022414901811
  },
  "banx": {
    "totalNFTs": 8200,
    "uniqueHolders": 1036,
    "averageHoldings": 7.915057915057915,
    "giniCoefficient": 0.7301473773424993
  },
  "bbl_elite_ticket": {
    "totalNFTs": 105,
    "uniqueHolders": 104,
    "averageHoldings": 1.0096153846153846,
    "giniCoefficient": 0.009432234432234432
  },
  "bbl_premium_ticket": {
    "totalNFTs": 360,
    "uniqueHolders": 353,
    "averageHoldings": 1.019830028328612,
    "giniCoefficient": 0.01932640856153604
  },
  "bbl_royale_ticket": {
    "totalNFTs": 95,
    "uniqueHolders": 94,
    "averageHoldings": 1.0106382978723405,
    "giniCoefficient": 0.010414333706606943
  },
  "boogles_gen1": {
    "totalNFTs": 198,
    "uniqueHolders": 184,
    "averageHoldings": 1.076086956521739,
    "giniCoefficient": 0.06867588932806325
  },
  "boom_heroes": {
    "totalNFTs": 766,
    "uniqueHolders": 209,
    "averageHoldings": 3.665071770334928,
    "giniCoefficient": 0.6292053418616563
  },
  "bozo_collective": {
    "totalNFTs": 4562,
    "uniqueHolders": 1300,
    "averageHoldings": 3.5092307692307694,
    "giniCoefficient": 0.6454348632516103
  },
  "brewed_bones": {
    "totalNFTs": 4987,
    "uniqueHolders": 239,
    "averageHoldings": 20.86610878661088,
    "giniCoefficient": 0.8100290881815734
  },
  "bullyz_crew": {
    "totalNFTs": 2525,
    "uniqueHolders": 380,
    "averageHoldings": 6.644736842105263,
    "giniCoefficient": 0.7116842105263158
  },
  "bullyz_loot_box": {
    "totalNFTs": 20117,
    "uniqueHolders": 831,
    "averageHoldings": 24.208182912154033,
    "giniCoefficient": 0.8551650342488022
  },
  "bullyz_shipz": {
    "totalNFTs": 3212,
    "uniqueHolders": 690,
    "averageHoldings": 4.655072463768116,
    "giniCoefficient": 0.6732569891890916
  },
  "bvdcats": {
    "totalNFTs": 9994,
    "uniqueHolders": 1827,
    "averageHoldings": 5.470169677066229,
    "giniCoefficient": 0.7249335917916376
  },
  "caveworld": {
    "totalNFTs": 8884,
    "uniqueHolders": 2316,
    "averageHoldings": 3.835924006908463,
    "giniCoefficient": 0.6484696440555259
  },
  "cets": {
    "totalNFTs": 6974,
    "uniqueHolders": 2972,
    "averageHoldings": 2.3465679676985194,
    "giniCoefficient": 0.5202717959149172
  },
  "chads": {
    "totalNFTs": 5557,
    "uniqueHolders": 1142,
    "averageHoldings": 4.866024518388792,
    "giniCoefficient": 0.7293911814101713
  },
  "critters_cult": {
    "totalNFTs": 5553,
    "uniqueHolders": 1546,
    "averageHoldings": 3.591849935316947,
    "giniCoefficient": 0.6440898000661158
  },
  "datbois": {
    "totalNFTs": 2424,
    "uniqueHolders": 408,
    "averageHoldings": 5.9411764705882355,
    "giniCoefficient": 0.7267662428007506
  },
  "dawnbreakers": {
    "totalNFTs": 12,
    "uniqueHolders": 12,
    "averageHoldings": 1,
    "giniCoefficient": 0
  },
  "deanslist": {
    "totalNFTs": 100,
    "uniqueHolders": 47,
    "averageHoldings": 2.127659574468085,
    "giniCoefficient": 0.49659574468085105
  },
  "degen_dads": {
    "totalNFTs": 62,
    "uniqueHolders": 61,
    "averageHoldings": 1.0163934426229508,
    "giniCoefficient": 0.015864621893178214
  },
  "degen_islands": {
    "totalNFTs": 17525,
    "uniqueHolders": 2260,
    "averageHoldings": 7.754424778761062,
    "giniCoefficient": 0.8414006539330665
  },
  "degen_royale": {
    "totalNFTs": 993,
    "uniqueHolders": 241,
    "averageHoldings": 4.1203319502074685,
    "giniCoefficient": 0.7193340938436273
  },
  "degen_royale_1": {
    "totalNFTs": 331,
    "uniqueHolders": 228,
    "averageHoldings": 1.4517543859649122,
    "giniCoefficient": 0.29171304393915304
  },
  "degen_royale_2": {
    "totalNFTs": 68,
    "uniqueHolders": 58,
    "averageHoldings": 1.1724137931034482,
    "giniCoefficient": 0.14148073022312374
  },
  "degenerate_trading_bears": {
    "totalNFTs": 4264,
    "uniqueHolders": 303,
    "averageHoldings": 14.072607260726073,
    "giniCoefficient": 0.8189772072892092
  },
  "dev_card": {
    "totalNFTs": 326,
    "uniqueHolders": 326,
    "averageHoldings": 1,
    "giniCoefficient": 0
  },
  "doges_unleashed": {
    "totalNFTs": 2829,
    "uniqueHolders": 671,
    "averageHoldings": 4.216095380029806,
    "giniCoefficient": 0.6940054017918524
  },
  "exiled_lomu": {
    "totalNFTs": null,
    "uniqueHolders": 554,
    "averageHoldings": null,
    "giniCoefficient": null
  },
  "famous_fox_federation": {
    "totalNFTs": 7776,
    "uniqueHolders": 2992,
    "averageHoldings": 2.5989304812834226,
    "giniCoefficient": 0.5542055048029313
  },
  "gizmos_land": {
    "totalNFTs": 2000,
    "uniqueHolders": 515,
    "averageHoldings": 3.883495145631068,
    "giniCoefficient": 0.5909067961165049
  },
  "gnomiez_gen1": {
    "totalNFTs": 2022,
    "uniqueHolders": 468,
    "averageHoldings": 4.32051282051282,
    "giniCoefficient": 0.6684758257458554
  },
  "gnomiez_gen2": {
    "totalNFTs": 588,
    "uniqueHolders": 125,
    "averageHoldings": 4.704,
    "giniCoefficient": 0.6562993197278911
  },
  "grim_syndicate": {
    "totalNFTs": 9998,
    "uniqueHolders": 2489,
    "averageHoldings": 4.016874246685416,
    "giniCoefficient": 0.62924621887013
  },
  "grim_syndicate_lurkers_of_the_abyss": {
    "totalNFTs": 2916,
    "uniqueHolders": 941,
    "averageHoldings": 3.0988310308182783,
    "giniCoefficient": 0.5738211545666184
  },
  "grinders_nfts": {
    "totalNFTs": 5342,
    "uniqueHolders": 344,
    "averageHoldings": 15.529069767441861,
    "giniCoefficient": 0.7903559332363979
  },
  "kongzdao": {
    "totalNFTs": 2163,
    "uniqueHolders": 497,
    "averageHoldings": 4.352112676056338,
    "giniCoefficient": 0.647066867222754
  },
  "lifinity_flares": {
    "totalNFTs": 9483,
    "uniqueHolders": 1291,
    "averageHoldings": 7.345468628969791,
    "giniCoefficient": 0.8097012118305716
  },
  "mad_lads": {
    "totalNFTs": 9967,
    "uniqueHolders": 5395,
    "averageHoldings": 1.847451343836886,
    "giniCoefficient": 0.43278864739274453
  },
  "mixtape": {
    "totalNFTs": 94,
    "uniqueHolders": 37,
    "averageHoldings": 2.5405405405405403,
    "giniCoefficient": 0.5071880391029328
  },
  "moneyboys": {
    "totalNFTs": 1111,
    "uniqueHolders": 646,
    "averageHoldings": 1.7198142414860682,
    "giniCoefficient": 0.37344957405957313
  },
  "netrunner": {
    "totalNFTs": 4609,
    "uniqueHolders": 2200,
    "averageHoldings": 2.095,
    "giniCoefficient": 0.4817654194362808
  },
  "ocean_explorers": {
    "totalNFTs": 1618,
    "uniqueHolders": 257,
    "averageHoldings": 6.2957198443579765,
    "giniCoefficient": 0.7122931226041662
  },
  "okay_bears": {
    "totalNFTs": 9858,
    "uniqueHolders": 4185,
    "averageHoldings": 2.3555555555555556,
    "giniCoefficient": 0.5157516301371955
  },
  "ordo_nemesis": {
    "totalNFTs": 250,
    "uniqueHolders": 229,
    "averageHoldings": 1.091703056768559,
    "giniCoefficient": 0.08255021834061135
  },
  "ordo_nemesis_knights": {
    "totalNFTs": 23,
    "uniqueHolders": 23,
    "averageHoldings": 1,
    "giniCoefficient": 0
  },
  "ordo_nemesis_shields": {
    "totalNFTs": 250,
    "uniqueHolders": 229,
    "averageHoldings": 1.091703056768559,
    "giniCoefficient": 0.08255021834061135
  },
  "papu": {
    "totalNFTs": 2982,
    "uniqueHolders": 737,
    "averageHoldings": 4.046132971506106,
    "giniCoefficient": 0.6839926942933039
  },
  "pesky_penguins": {
    "totalNFTs": 8397,
    "uniqueHolders": 3323,
    "averageHoldings": 2.526933493830876,
    "giniCoefficient": 0.5465472439374494
  },
  "photo_finish": {
    "totalNFTs": 13174,