{
  "aep_lifeform": {
    "totalNFTs": 2222,
    "uniqueHolders": 262,
    "averageHoldings": 8.48091603053435,
    "giniCoefficient": 0.6969135844882198
  },
  "alldomains": {
    "totalNFTs": 8117,
    "uniqueHolders": 4617,
    "averageHoldings": 1.7580680095299979,
    "giniCoefficient": 0.40378347969159833
  },
  "almighty_alpacas": {
    "totalNFTs": 3324,
    "uniqueHolders": 490,
    "averageHoldings": 6.783673469387755,
    "giniCoefficient": 0.6904454922763329
  },
  "banx": {
    "totalNFTs": 7777,
    "uniqueHolders": 1014,
    "averageHoldings": 7.669625246548324,
    "giniCoefficient": 0.7377079635266992
  },
  "bbl_elite_ticket": {
    "totalNFTs": 105,
    "uniqueHolders": 104,
    "averageHoldings": 1.0096153846153846,
    "giniCoefficient": 0.009432234432234432
  },
  "bbl_premium_ticket": {
    "totalNFTs": 356,
    "uniqueHolders": 350,
    "averageHoldings": 1.0171428571428571,
    "giniCoefficient": 0.016741573033707866
  },
  "bbl_royale_ticket": {
    "totalNFTs": 95,
    "uniqueHolders": 94,
    "averageHoldings": 1.0106382978723405,
    "giniCoefficient": 0.010414333706606943
  },
  "boogles_gen1": {
    "totalNFTs": 198,
    "uniqueHolders": 184,
    "averageHoldings": 1.076086956521739,
    "giniCoefficient": 0.06867588932806325
  },
  "boom_heroes": {
    "totalNFTs": 758,
    "uniqueHolders": 202,
    "averageHoldings": 3.7524752475247523,
    "giniCoefficient": 0.6389795971681601
  },
  "bozo_collective": {
    "totalNFTs": 3990,
    "uniqueHolders": 1172,
    "averageHoldings": 3.4044368600682593,
    "giniCoefficient": 0.6402623452830027
  },
  "brewed_bones": {
    "totalNFTs": 4977,
    "uniqueHolders": 225,
    "averageHoldings": 22.12,
    "giniCoefficient": 0.8134592458643092
  },
  "bullyz_crew": {
    "totalNFTs": 2525,
    "uniqueHolders": 415,
    "averageHoldings": 6.0843373493975905,
    "giniCoefficient": 0.7168049624239532
  },
  "bullyz_loot_box": {
    "totalNFTs": 36784,
    "uniqueHolders": 860,
    "averageHoldings": 42.77209302325581,
    "giniCoefficient": 0.8728388606775443
  },
  "bullyz_shipz": {
    "totalNFTs": 3208,
    "uniqueHolders": 639,
    "averageHoldings": 5.020344287949921,
    "giniCoefficient": 0.6807999562908066
  },
  "bvdcats": {
    "totalNFTs": 9983,
    "uniqueHolders": 1822,
    "averageHoldings": 5.4791437980241495,
    "giniCoefficient": 0.7306606192107263
  },
  "caveworld": {
    "totalNFTs": 8884,
    "uniqueHolders": 2289,
    "averageHoldings": 3.8811708169506334,
    "giniCoefficient": 0.6563071353726856
  },
  "cets": {
    "totalNFTs": 6974,
    "uniqueHolders": 2977,
    "averageHoldings": 2.3426268055089015,
    "giniCoefficient": 0.5189325985408252
  },
  "chads": {
    "totalNFTs": 5565,
    "uniqueHolders": 1253,
    "averageHoldings": 4.441340782122905,
    "giniCoefficient": 0.7042803291865919
  },
  "critters_cult": {
    "totalNFTs": 5553,
    "uniqueHolders": 1467,
    "averageHoldings": 3.785276073619632,
    "giniCoefficient": 0.6566176269304739
  },
  "datbois": {
    "totalNFTs": 2423,
    "uniqueHolders": 388,
    "averageHoldings": 6.244845360824742,
    "giniCoefficient": 0.7357061408920526
  },
  "dawnbreakers": {
    "totalNFTs": 12,
    "uniqueHolders": 12,
    "averageHoldings": 1,
    "giniCoefficient": 0
  },
  "deanslist": {
    "totalNFTs": 100,
    "uniqueHolders": 49,
    "averageHoldings": 2.0408163265306123,
    "giniCoefficient": 0.48
  },
  "degen_dads": {
    "totalNFTs": 69,
    "uniqueHolders": 66,
    "averageHoldings": 1.0454545454545454,
    "giniCoefficient": 0.04238032498902064
  },
  "degen_islands": {
    "totalNFTs": 17273,
    "uniqueHolders": 2131,
    "averageHoldings": 8.105584232754575,
    "giniCoefficient": 0.8469297378996409
  },
  "degen_royale": {
    "totalNFTs": 990,
    "uniqueHolders": 229,
    "averageHoldings": 4.323144104803493,
    "giniCoefficient": 0.7280049402320145
  },
  "degen_royale_1": {
    "totalNFTs": 328,
    "uniqueHolders": 222,
    "averageHoldings": 1.4774774774774775,
    "giniCoefficient": 0.30130740496594155
  },
  "degen_royale_2": {
    "totalNFTs": 67,
    "uniqueHolders": 57,
    "averageHoldings": 1.1754385964912282,
    "giniCoefficient": 0.1429693637077769
  },
  "degenerate_trading_bears": {
    "totalNFTs": 4263,
    "uniqueHolders": 301,
    "averageHoldings": 14.162790697674419,
    "giniCoefficient": 0.8292773404470047
  },
  "dev_card": {
    "totalNFTs": 349,
    "uniqueHolders": 349,
    "averageHoldings": 1,
    "giniCoefficient": 0
  },
  "doges_unleashed": {
    "totalNFTs": 2750,
    "uniqueHolders": 616,
    "averageHoldings": 4.464285714285714,
    "giniCoefficient": 0.7043943329397875
  },
  "exiled_lomu": {
    "totalNFTs": null,
    "uniqueHolders": 554,
    "averageHoldings": null,
    "giniCoefficient": null
  },
  "famous_fox_federation": {
    "totalNFTs": 7776,
    "uniqueHolders": 2992,
    "averageHoldings": 2.5989304812834226,
    "giniCoefficient": 0.5542055048029313
  },
  "gizmos_land": {
    "totalNFTs": 1999,
    "uniqueHolders": 432,
    "averageHoldings": 4.627314814814815,
    "giniCoefficient": 0.6351057473181035
  },
  "gnomiez_gen1": {
    "totalNFTs": 1990,
    "uniqueHolders": 454,
    "averageHoldings": 4.383259911894273,
    "giniCoefficient": 0.6735904190556306
  },
  "gnomiez_gen2": {
    "totalNFTs": 530,
    "uniqueHolders": 104,
    "averageHoldings": 5.096153846153846,
    "giniCoefficient": 0.65177793904209
  },
  "grim_syndicate": {
    "totalNFTs": 9998,
    "uniqueHolders": 2440,
    "averageHoldings": 4.0975409836065575,
    "giniCoefficient": 0.6350870174034807
  },
  "grim_syndicate_lurkers_of_the_abyss": {
    "totalNFTs": 2916,
    "uniqueHolders": 923,
    "averageHoldings": 3.159263271939328,
    "giniCoefficient": 0.5829889116274093
  },
  "grinders_nfts": {
    "totalNFTs": 5143,
    "uniqueHolders": 527,
    "averageHoldings": 9.759013282732449,
    "giniCoefficient": 0.8191447559937588
  },
  "kongzdao": {
    "totalNFTs": 1999,
    "uniqueHolders": 472,
    "averageHoldings": 4.235169491525424,
    "giniCoefficient": 0.6406752104865993
  },
  "legends_of_sol": {
    "totalNFTs": 1322,
    "uniqueHolders": 406,
    "averageHoldings": 3.2561576354679804,
    "giniCoefficient": 0.6018161764157903
  },
  "lifinity_flares": {
    "totalNFTs": 9473,
    "uniqueHolders": 1152,
    "averageHoldings": 8.223090277777779,
    "giniCoefficient": 0.8198995940216053
  },
  "mad_lads": {
    "totalNFTs": 9967,
    "uniqueHolders": 5395,
    "averageHoldings": 1.847451343836886,
    "giniCoefficient": 0.43278864739274453
  },
  "mixtape": {
    "totalNFTs": 89,
    "uniqueHolders": 33,
    "averageHoldings": 2.696969696969697,
    "giniCoefficient": 0.5338781069118148
  },
  "moneyboys": {
    "totalNFTs": 856,
    "uniqueHolders": 527,
    "averageHoldings": 1.6242884250474383,
    "giniCoefficient": 0.352786004362553
  },
  "netrunner": {
    "totalNFTs": 4486,
    "uniqueHolders": 2109,
    "averageHoldings": 2.1270744428639166,
    "giniCoefficient": 0.4877584485487435
  },
  "ocean_explorers": {
    "totalNFTs": 1612,
    "uniqueHolders": 250,
    "averageHoldings": 6.448,
    "giniCoefficient": 0.7180794044665012
  },
  "okay_bears": {
    "totalNFTs": 9858,
    "uniqueHolders": 4185,
    "averageHoldings": 2.3555555555555556,
    "giniCoefficient": 0.5157516301371955
  },
  "ordo_nemesis": {
    "totalNFTs": 250,
    "uniqueHolders": 220,
    "averageHoldings": 1.1363636363636365,
    "giniCoefficient": 0.11749090909090909
  },
  "ordo_nemesis_knights": {
    "totalNFTs": 23,
    "uniqueHolders": 23,
    "averageHoldings": 1,
    "giniCoefficient": 0
  },
  "ordo_nemesis_shields": {
    "totalNFTs": 250,
    "uniqueHolders": 220,
    "averageHoldings": 1.1363636363636365,
    "giniCoefficient": 0.11749090909090909
  },
  "papu": {
    "totalNFTs": 2980,
    "uniqueHolders": 698,
    "averageHoldings": 4.269340974212034,
    "giniCoefficient": 0.7008990211726698
  },
  "pesky_penguins": {
    "totalNFTs": 8366,