{
  "aep_lifeform": {
    "totalNFTs": 2222,
    "uniqueHolders": 261,
    "averageHoldings": 8.513409961685824,
    "giniCoefficient": 0.6870549123877905
  },
  "alldomains": {
    "totalNFTs": 8117,
    "uniqueHolders": 4617,
    "averageHoldings": 1.7580680095299979,
    "giniCoefficient": 0.40378347969159833
  },
  "almighty_alpacas": {
    "totalNFTs": 3291,
    "uniqueHolders": 431,
    "averageHoldings": 7.635730858468677,
    "giniCoefficient": 0.6757556465957568
  },
  "banx": {
    "totalNFTs": 8200,
    "uniqueHolders": 1036,
    "averageHoldings": 7.915057915057915,
    "giniCoefficient": 0.7301563235709577
  },
  "bbl_elite_ticket": {
    "totalNFTs": 105,
    "uniqueHolders": 104,
    "averageHoldings": 1.0096153846153846,
    "giniCoefficient": 0.009432234432234432
  },
  "bbl_premium_ticket": {
    "totalNFTs": 360,
    "uniqueHolders": 353,
    "averageHoldings": 1.019830028328612,
    "giniCoefficient": 0.01932640856153604
  },
  "bbl_royale_ticket": {
    "totalNFTs": 95,
    "uniqueHolders": 94,
    "averageHoldings": 1.0106382978723405,
    "giniCoefficient": 0.010414333706606943
  },
  "boogles_gen1": {
    "totalNFTs": 198,
    "uniqueHolders": 184,
    "averageHoldings": 1.076086956521739,
    "giniCoefficient": 0.06867588932806325
  },
  "boom_heroes": {
    "totalNFTs": 766,
    "uniqueHolders": 210,
    "averageHoldings": 3.6476190476190475,
    "giniCoefficient": 0.6279124704712172
  },
  "bozo_collective": {
    "totalNFTs": 4562,
    "uniqueHolders": 1302,
    "averageHoldings": 3.50384024577573,
    "giniCoefficient": 0.6445467836552675
  },
  "brewed_bones": {
    "totalNFTs": 4987,
    "uniqueHolders": 239,
    "averageHoldings": 20.86610878661088,
    "giniCoefficient": 0.8100290881815734
  },
  "bullyz_crew": {
    "totalNFTs": 2525,
    "uniqueHolders": 380,
    "averageHoldings": 6.644736842105263,
    "giniCoefficient": 0.7105857217300677
  },
  "bullyz_loot_box": {
    "totalNFTs": 20072,
    "uniqueHolders": 848,
    "averageHoldings": 23.669811320754718,
    "giniCoefficient": 0.856213621528535
  },
  "bullyz_shipz": {
    "totalNFTs": 3212,
    "uniqueHolders": 692,
    "averageHoldings": 4.641618497109826,
    "giniCoefficient": 0.6729605021631311
  },
  "bvdcats": {
    "totalNFTs": 9994,
    "uniqueHolders": 1828,
    "averageHoldings": 5.467177242888402,
    "giniCoefficient": 0.7249729487583141
  },
  "caveworld": {
    "totalNFTs": 8884,
    "uniqueHolders": 2315,
    "averageHoldings": 3.8375809935205183,
    "giniCoefficient": 0.6485354309881234
  },
  "cets": {
    "totalNFTs": 6974,
    "uniqueHolders": 2973,
    "averageHoldings": 2.3457786747393206,
    "giniCoefficient": 0.5203642841977761
  },
  "chads": {
    "totalNFTs": 5557,
    "uniqueHolders": 1160,
    "averageHoldings": 4.790517241379311,
    "giniCoefficient": 0.7278808027154319
  },
  "critters_cult": {
    "totalNFTs": 5553,
    "uniqueHolders": 1545,
    "averageHoldings": 3.5941747572815532,
    "giniCoefficient": 0.6443515473428457
  },
  "datbois": {
    "totalNFTs": 2424,
    "uniqueHolders": 407,
    "averageHoldings": 5.955773955773956,
    "giniCoefficient": 0.726917962066477
  },
  "dawnbreakers": {
    "totalNFTs": 12,
    "uniqueHolders": 12,
    "averageHoldings": 1,
    "giniCoefficient": 0
  },
  "deanslist": {
    "totalNFTs": 100,
    "uniqueHolders": 48,
    "averageHoldings": 2.0833333333333335,
    "giniCoefficient": 0.4875
  },
  "degen_dads": {
    "totalNFTs": 62,
    "uniqueHolders": 61,
    "averageHoldings": 1.0163934426229508,
    "giniCoefficient": 0.015864621893178214
  },
  "degen_islands": {
    "totalNFTs": 17524,
    "uniqueHolders": 2261,
    "averageHoldings": 7.750552852720036,
    "giniCoefficient": 0.8412552252847703
  },
  "degen_royale": {
    "totalNFTs": 993,
    "uniqueHolders": 239,
    "averageHoldings": 4.154811715481172,
    "giniCoefficient": 0.7203815832164061
  },
  "degen_royale_1": {
    "totalNFTs": 331,
    "uniqueHolders": 228,
    "averageHoldings": 1.4517543859649122,
    "giniCoefficient": 0.29171304393915304
  },
  "degen_royale_2": {
    "totalNFTs": 68,
    "uniqueHolders": 58,
    "averageHoldings": 1.1724137931034482,
    "giniCoefficient": 0.14148073022312374
  },
  "degenerate_trading_bears": {
    "totalNFTs": 4264,
    "uniqueHolders": 303,
    "averageHoldings": 14.072607260726073,
    "giniCoefficient": 0.8189772072892092
  },
  "dev_card": {
    "totalNFTs": 326,
    "uniqueHolders": 326,
    "averageHoldings": 1,
    "giniCoefficient": 0
  },
  "doges_unleashed": {
    "totalNFTs": 2829,
    "uniqueHolders": 671,
    "averageHoldings": 4.216095380029806,
    "giniCoefficient": 0.6940054017918524
  },
  "exiled_lomu": {
    "totalNFTs": null,
    "uniqueHolders": 554,
    "averageHoldings": null,
    "giniCoefficient": null
  },
  "famous_fox_federation": {
    "totalNFTs": 7776,
    "uniqueHolders": 2992,
    "averageHoldings": 2.5989304812834226,
    "giniCoefficient": 0.5542055048029313
  },
  "gizmos_land": {
    "totalNFTs": 2000,
    "uniqueHolders": 517,
    "averageHoldings": 3.8684719535783367,
    "giniCoefficient": 0.5930618955512572
  },
  "gnomiez_gen1": {
    "totalNFTs": 2022,
    "uniqueHolders": 468,
    "averageHoldings": 4.32051282051282,
    "giniCoefficient": 0.6684758257458554
  },
  "gnomiez_gen2": {
    "totalNFTs": 588,
    "uniqueHolders": 125,
    "averageHoldings": 4.704,
    "giniCoefficient": 0.6562993197278911
  },
  "grim_syndicate": {
    "totalNFTs": 9998,
    "uniqueHolders": 2488,
    "averageHoldings": 4.018488745980707,
    "giniCoefficient": 0.6293206390474236
  },
  "grim_syndicate_lurkers_of_the_abyss": {
    "totalNFTs": 2916,
    "uniqueHolders": 940,
    "averageHoldings": 3.1021276595744682,
    "giniCoefficient": 0.5738471529054665
  },
  "grinders_nfts": {
    "totalNFTs": 5342,
    "uniqueHolders": 346,
    "averageHoldings": 15.439306358381502,
    "giniCoefficient": 0.791019145911016
  },
  "kongzdao": {
    "totalNFTs": 2163,
    "uniqueHolders": 497,
    "averageHoldings": 4.352112676056338,
    "giniCoefficient": 0.647066867222754
  },
  "lifinity_flares": {
    "totalNFTs": 9483,
    "uniqueHolders": 1291,
    "averageHoldings": 7.345468628969791,
    "giniCoefficient": 0.809756102342379
  },
  "mad_lads": {
    "totalNFTs": 9967,
    "uniqueHolders": 5395,
    "averageHoldings": 1.847451343836886,
    "giniCoefficient": 0.43278864739274453
  },
  "mixtape": {
    "totalNFTs": 94,
    "uniqueHolders": 37,
    "averageHoldings": 2.5405405405405403,
    "giniCoefficient": 0.5071880391029328
  },
  "moneyboys": {
    "totalNFTs": 1111,
    "uniqueHolders": 646,
    "averageHoldings": 1.7198142414860682,
    "giniCoefficient": 0.37344957405957313
  },
  "netrunner": {
    "totalNFTs": 4609,
    "uniqueHolders": 2200,
    "averageHoldings": 2.095,
    "giniCoefficient": 0.48154214087062863
  },
  "ocean_explorers": {
    "totalNFTs": 1618,
    "uniqueHolders": 257,
    "averageHoldings": 6.2957198443579765,
    "giniCoefficient": 0.7122931226041662
  },
  "okay_bears": {
    "totalNFTs": 9858,
    "uniqueHolders": 4185,
    "averageHoldings": 2.3555555555555556,
    "giniCoefficient": 0.5157516301371955
  },
  "ordo_nemesis": {
    "totalNFTs": 250,
    "uniqueHolders": 232,
    "averageHoldings": 1.0775862068965518,
    "giniCoefficient": 0.0706551724137931
  },
  "ordo_nemesis_knights": {
    "totalNFTs": 23,
    "uniqueHolders": 23,
    "averageHoldings": 1,
    "giniCoefficient": 0
  },
  "ordo_nemesis_shields": {
    "totalNFTs": 250,
    "uniqueHolders": 232,
    "averageHoldings": 1.0775862068965518,
    "giniCoefficient": 0.0706551724137931
  },
  "papu": {
    "totalNFTs": 2982,
    "uniqueHolders": 737,
    "averageHoldings": 4.046132971506106,
    "giniCoefficient": 0.6839508329943478
  },
  "pesky_penguins": {
    "totalNFTs": 8397,
    "uniqueHolders": 3320,
    "averageHoldings": 2.5292168674698794,
    "giniCoefficient": 0.5467414854128912
  },
  "photo_finish": {
    "totalNFTs": 13174,