{
  "aep_lifeform": {
    "totalNFTs": 2222,
    "uniqueHolders": 260,
    "averageHoldings": 8.546153846153846,
    "giniCoefficient": 0.6957418818804958
  },
  "alldomains": {
    "totalNFTs": 8117,
    "uniqueHolders": 4617,
    "averageHoldings": 1.7580680095299979,
    "giniCoefficient": 0.40378347969159833
  },
  "almighty_alpacas": {
    "totalNFTs": 3321,
    "uniqueHolders": 478,
    "averageHoldings": 6.947698744769874,
    "giniCoefficient": 0.6893781048456695
  },
  "banx": {
    "totalNFTs": 7777,
    "uniqueHolders": 1055,
    "averageHoldings": 7.371563981042654,
    "giniCoefficient": 0.7349200187452734
  },
  "bbl_elite_ticket": {
    "totalNFTs": 105,
    "uniqueHolders": 104,
    "averageHoldings": 1.0096153846153846,
    "giniCoefficient": 0.009432234432234432
  },
  "bbl_premium_ticket": {
    "totalNFTs": 356,
    "uniqueHolders": 350,
    "averageHoldings": 1.0171428571428571,
    "giniCoefficient": 0.016741573033707866
  },
  "bbl_royale_ticket": {
    "totalNFTs": 95,
    "uniqueHolders": 94,
    "averageHoldings": 1.0106382978723405,
    "giniCoefficient": 0.010414333706606943
  },
  "boogles_gen1": {
    "totalNFTs": 198,
    "uniqueHolders": 184,
    "averageHoldings": 1.076086956521739,
    "giniCoefficient": 0.06867588932806325
  },
  "boom_heroes": {
    "totalNFTs": 765,
    "uniqueHolders": 201,
    "averageHoldings": 3.8059701492537314,
    "giniCoefficient": 0.6404708483725166
  },
  "bozo_collective": {
    "totalNFTs": 3990,
    "uniqueHolders": 1210,
    "averageHoldings": 3.2975206611570247,
    "giniCoefficient": 0.6333710308829926
  },
  "brewed_bones": {
    "totalNFTs": 4983,
    "uniqueHolders": 234,
    "averageHoldings": 21.294871794871796,
    "giniCoefficient": 0.814741917390924
  },
  "bullyz_crew": {
    "totalNFTs": 2525,
    "uniqueHolders": 427,
    "averageHoldings": 5.913348946135831,
    "giniCoefficient": 0.7113130985229671
  },
  "bullyz_loot_box": {
    "totalNFTs": 32768,
    "uniqueHolders": 937,
    "averageHoldings": 34.97118463180363,
    "giniCoefficient": 0.8800995296449773
  },
  "bullyz_shipz": {
    "totalNFTs": 3208,
    "uniqueHolders": 649,
    "averageHoldings": 4.942989214175655,
    "giniCoefficient": 0.681180331144404
  },
  "bvdcats": {
    "totalNFTs": 9988,
    "uniqueHolders": 1788,
    "averageHoldings": 5.586129753914989,
    "giniCoefficient": 0.7326302748981104
  },
  "caveworld": {
    "totalNFTs": 8884,
    "uniqueHolders": 2296,
    "averageHoldings": 3.8693379790940767,
    "giniCoefficient": 0.655512415539348
  },
  "cets": {
    "totalNFTs": 6974,
    "uniqueHolders": 2955,
    "averageHoldings": 2.360067681895093,
    "giniCoefficient": 0.5227786843761479
  },
  "chads": {
    "totalNFTs": 5565,
    "uniqueHolders": 1168,
    "averageHoldings": 4.7645547945205475,
    "giniCoefficient": 0.7194545471328878
  },
  "critters_cult": {
    "totalNFTs": 5553,
    "uniqueHolders": 1469,
    "averageHoldings": 3.780122532334922,
    "giniCoefficient": 0.6555777808915314
  },
  "datbois": {
    "totalNFTs": 2423,
    "uniqueHolders": 394,
    "averageHoldings": 6.149746192893401,
    "giniCoefficient": 0.7339215345326409
  },
  "dawnbreakers": {
    "totalNFTs": 12,
    "uniqueHolders": 12,
    "averageHoldings": 1,
    "giniCoefficient": 0
  },
  "deanslist": {
    "totalNFTs": 100,
    "uniqueHolders": 50,
    "averageHoldings": 2,
    "giniCoefficient": 0.4696
  },
  "degen_dads": {
    "totalNFTs": 69,
    "uniqueHolders": 68,
    "averageHoldings": 1.0147058823529411,
    "giniCoefficient": 0.014279624893435636
  },
  "degen_islands": {
    "totalNFTs": 17476,
    "uniqueHolders": 2159,
    "averageHoldings": 8.094488188976378,
    "giniCoefficient": 0.8464515512096202
  },
  "degen_royale": {
    "totalNFTs": 991,
    "uniqueHolders": 230,
    "averageHoldings": 4.308695652173913,
    "giniCoefficient": 0.7274470232088799
  },
  "degen_royale_1": {
    "totalNFTs": 329,
    "uniqueHolders": 223,
    "averageHoldings": 1.4753363228699552,
    "giniCoefficient": 0.3013616476072349
  },
  "degen_royale_2": {
    "totalNFTs": 67,
    "uniqueHolders": 57,
    "averageHoldings": 1.1754385964912282,
    "giniCoefficient": 0.1429693637077769
  },
  "degenerate_trading_bears": {
    "totalNFTs": 4264,
    "uniqueHolders": 307,
    "averageHoldings": 13.889250814332248,
    "giniCoefficient": 0.8235099094914777
  },
  "dev_card": {
    "totalNFTs": 353,
    "uniqueHolders": 353,
    "averageHoldings": 1,
    "giniCoefficient": 0
  },
  "doges_unleashed": {
    "totalNFTs": 2771,
    "uniqueHolders": 626,
    "averageHoldings": 4.426517571884984,
    "giniCoefficient": 0.7002010784909428
  },
  "exiled_lomu": {
    "totalNFTs": null,
    "uniqueHolders": 554,
    "averageHoldings": null,
    "giniCoefficient": null
  },
  "famous_fox_federation": {
    "totalNFTs": 7776,
    "uniqueHolders": 2992,
    "averageHoldings": 2.5989304812834226,
    "giniCoefficient": 0.5542055048029313
  },
  "gizmos_land": {
    "totalNFTs": 1999,
    "uniqueHolders": 439,
    "averageHoldings": 4.553530751708428,
    "giniCoefficient": 0.6216935346944543
  },
  "gnomiez_gen1": {
    "totalNFTs": 1997,
    "uniqueHolders": 457,
    "averageHoldings": 4.36980306345733,
    "giniCoefficient": 0.6714952078007602
  },
  "gnomiez_gen2": {
    "totalNFTs": 550,
    "uniqueHolders": 122,
    "averageHoldings": 4.508196721311475,
    "giniCoefficient": 0.6482265275707899
  },
  "grim_syndicate": {
    "totalNFTs": 9998,
    "uniqueHolders": 2463,
    "averageHoldings": 4.05927730410069,
    "giniCoefficient": 0.6332940969030184
  },
  "grim_syndicate_lurkers_of_the_abyss": {
    "totalNFTs": 2916,
    "uniqueHolders": 927,
    "averageHoldings": 3.145631067961165,
    "giniCoefficient": 0.5806494096477716
  },
  "grinders_nfts": {
    "totalNFTs": 4965,
    "uniqueHolders": 387,
    "averageHoldings": 12.829457364341085,
    "giniCoefficient": 0.8138062041525823
  },
  "kongzdao": {
    "totalNFTs": 2035,
    "uniqueHolders": 475,
    "averageHoldings": 4.28421052631579,
    "giniCoefficient": 0.6444650200439674
  },
  "legends_of_sol": {
    "totalNFTs": 1025,
    "uniqueHolders": 342,
    "averageHoldings": 2.997076023391813,
    "giniCoefficient": 0.5598373983739837
  },
  "lifinity_flares": {
    "totalNFTs": 9473,
    "uniqueHolders": 1178,
    "averageHoldings": 8.041595925297115,
    "giniCoefficient": 0.8217443840478085
  },
  "mad_lads": {
    "totalNFTs": 9967,
    "uniqueHolders": 5395,
    "averageHoldings": 1.847451343836886,
    "giniCoefficient": 0.43278864739274453
  },
  "mixtape": {
    "totalNFTs": 94,
    "uniqueHolders": 35,
    "averageHoldings": 2.6857142857142855,
    "giniCoefficient": 0.5209726443768997
  },
  "moneyboys": {
    "totalNFTs": 856,
    "uniqueHolders": 528,
    "averageHoldings": 1.621212121212121,
    "giniCoefficient": 0.35167976493911074
  },
  "netrunner": {
    "totalNFTs": 4568,
    "uniqueHolders": 2125,
    "averageHoldings": 2.1496470588235295,
    "giniCoefficient": 0.49267744926341817
  },
  "ocean_explorers": {
    "totalNFTs": 1618,
    "uniqueHolders": 252,
    "averageHoldings": 6.420634920634921,
    "giniCoefficient": 0.7180430474620834
  },
  "okay_bears": {
    "totalNFTs": 9858,
    "uniqueHolders": 4185,
    "averageHoldings": 2.3555555555555556,
    "giniCoefficient": 0.5157516301371955
  },
  "ordo_nemesis": {
    "totalNFTs": 250,
    "uniqueHolders": 220,
    "averageHoldings": 1.1363636363636365,
    "giniCoefficient": 0.1176
  },
  "ordo_nemesis_knights": {
    "totalNFTs": 23,
    "uniqueHolders": 23,
    "averageHoldings": 1,
    "giniCoefficient": 0
  },
  "ordo_nemesis_shields": {
    "totalNFTs": 250,
    "uniqueHolders": 220,
    "averageHoldings": 1.1363636363636365,
    "giniCoefficient": 0.1176
  },
  "papu": {
    "totalNFTs": 2981,
    "uniqueHolders": 706,
    "averageHoldings": 4.222379603399434,
    "giniCoefficient": 0.6977738139472561
  },
  "pesky_penguins": {
    "totalNFTs": 8396,
    "uniqueHolders": 3255,